chr,pos,gene
6,70049256,ADGRB3
6,70049272,ADGRB3
6,70049265,ADGRB3
6,70049256,ADGRB3
6,70049256,ADGRB3
6,70049260,ADGRB3
6,70049261,ADGRB3
1,27092764,ARID1A
1,27092765,ARID1A
1,27092770,ARID1A
1,27092764,ARID1A
2,212570064,ERBB4
2,212570047,ERBB4
2,212570059,ERBB4
2,212570063,ERBB4
2,212570061,ERBB4
2,212570046,ERBB4
2,212570055,ERBB4
2,212570063,ERBB4
2,212570052,ERBB4
2,212570053,ERBB4
4,126329603,FAT4
4,126329653,FAT4
4,126329608,FAT4
4,126329651,FAT4
4,126329633,FAT4
4,126329653,FAT4
4,126329650,FAT4
4,126329622,FAT4
4,126329653,FAT4
4,126329689,FAT4
4,126329651,FAT4
4,126329651,FAT4
4,126329651,FAT4
4,126329700,FAT4
4,126329651,FAT4
4,126329647,FAT4
4,126329628,FAT4
4,126329617,FAT4
4,126329626,FAT4
4,126329601,FAT4
4,126329635,FAT4
4,126329635,FAT4
4,126411668,FAT4
4,126329653,FAT4
4,126329614,FAT4
4,126329651,FAT4
4,126329653,FAT4
4,126329689,FAT4
4,126329618,FAT4
4,126329641,FAT4
4,126329699,FAT4
4,126329653,FAT4
4,126329653,FAT4
4,126329687,FAT4
4,126329653,FAT4
4,126329627,FAT4
4,126329646,FAT4
4,1803560,FGFR3
4,1808958,FGFR3
4,1808963,FGFR3
4,1803560,FGFR3
4,1803564,FGFR3
4,1808970,FGFR3
4,1803564,FGFR3
4,1806057,FGFR3
4,1806057,FGFR3
4,1803564,FGFR3
4,1806057,FGFR3
4,1806057,FGFR3
4,1803564,FGFR3
4,1803553,FGFR3
4,1806051,FGFR3
4,1803563,FGFR3
4,1808958,FGFR3
4,1803555,FGFR3
4,1803553,FGFR3
4,1806050,FGFR3
4,1803564,FGFR3
4,1806060,FGFR3
4,1803553,FGFR3
4,1803553,FGFR3
4,1803564,FGFR3
4,1803564,FGFR3
4,1803557,FGFR3
4,1808958,FGFR3
4,1806066,FGFR3
4,1806047,FGFR3
4,1806062,FGFR3
4,1803564,FGFR3
4,1806057,FGFR3
4,1808958,FGFR3
7,86415852,GRM3
7,86415865,GRM3
7,86394565,GRM3
7,86394551,GRM3
7,86468858,GRM3
7,86415857,GRM3
7,86415866,GRM3
7,86394567,GRM3
7,86468848,GRM3
7,86415870,GRM3
7,86416162,GRM3
7,86415873,GRM3
7,86415858,GRM3
7,86394560,GRM3
7,86394571,GRM3
7,86415852,GRM3
7,86394552,GRM3
7,86415870,GRM3
7,86415872,GRM3
7,86415865,GRM3
7,86415874,GRM3
9,139393670,NOTCH1
9,139412393,NOTCH1
9,139412322,NOTCH1
9,139412376,NOTCH1
9,139412545,NOTCH1
9,139411857,NOTCH1
9,139412381,NOTCH1
9,139412382,NOTCH1
9,139412376,NOTCH1
9,139412399,NOTCH1
9,139412382,NOTCH1
9,139417361,NOTCH1
9,139412394,NOTCH1
9,139417346,NOTCH1
9,139393670,NOTCH1
9,139412645,NOTCH1
9,139417409,NOTCH1
9,139418264,NOTCH1
9,139393661,NOTCH1
9,139412615,NOTCH1
9,139393670,NOTCH1
9,139393662,NOTCH1
9,139412399,NOTCH1
9,139410155,NOTCH1
9,139417343,NOTCH1
9,139412376,NOTCH1
9,139418259,NOTCH1
9,139412376,NOTCH1
9,139412746,NOTCH1
9,139412324,NOTCH1
9,139412645,NOTCH1
9,139395175,NOTCH1
9,139412393,NOTCH1
9,139396862,NOTCH1
9,139412372,NOTCH1
9,139412322,NOTCH1
9,139412632,NOTCH1
9,139412386,NOTCH1
9,139412630,NOTCH1
9,139393664,NOTCH1
9,139412386,NOTCH1
9,139396853,NOTCH1
9,139412381,NOTCH1
9,139395161,NOTCH1
9,139395174,NOTCH1
9,139410162,NOTCH1
9,139410154,NOTCH1
9,139417364,NOTCH1
9,139412269,NOTCH1
9,139412322,NOTCH1
9,139410155,NOTCH1
9,139393662,NOTCH1
9,139412671,NOTCH1
9,139396853,NOTCH1
9,139393664,NOTCH1
9,139417357,NOTCH1
9,139412376,NOTCH1
9,139412310,NOTCH1
9,139412321,NOTCH1
9,139410156,NOTCH1
9,139412588,NOTCH1
9,139396852,NOTCH1
9,139412310,NOTCH1
9,139412624,NOTCH1
9,139410162,NOTCH1
9,139410162,NOTCH1
9,139411868,NOTCH1
9,139410151,NOTCH1
9,139417354,NOTCH1
9,139412756,NOTCH1
9,139396853,NOTCH1
9,139412372,NOTCH1
9,139410162,NOTCH1
9,139417368,NOTCH1
9,139396860,NOTCH1
9,139412380,NOTCH1
9,139396868,NOTCH1
9,139412376,NOTCH1
9,139412376,NOTCH1
9,139412501,NOTCH1
9,139396854,NOTCH1
9,139412316,NOTCH1
9,139410154,NOTCH1
9,139412740,NOTCH1
9,139396853,NOTCH1
9,139396856,NOTCH1
9,139412397,NOTCH1
9,139412331,NOTCH1
9,139393662,NOTCH1
9,139412501,NOTCH1
9,139412644,NOTCH1
9,139412326,NOTCH1
9,139412520,NOTCH1
9,139412393,NOTCH1
9,139412300,NOTCH1
9,139396860,NOTCH1
9,139412501,NOTCH1
9,139412375,NOTCH1
9,139417351,NOTCH1
9,139412393,NOTCH1
9,139412271,NOTCH1
9,139410155,NOTCH1
9,139412394,NOTCH1
9,139396860,NOTCH1
9,139412376,NOTCH1
9,139396860,NOTCH1
9,139417343,NOTCH1
9,139410155,NOTCH1
9,139417343,NOTCH1
9,139412252,NOTCH1
9,139410162,NOTCH1
9,139417547,NOTCH1
9,139412621,NOTCH1
9,139412372,NOTCH1
9,139412399,NOTCH1
9,139396854,NOTCH1
9,139410162,NOTCH1
9,139411854,NOTCH1
9,139412400,NOTCH1
9,139412745,NOTCH1
9,139412332,NOTCH1
9,139417352,NOTCH1
9,139412744,NOTCH1
9,139396852,NOTCH1
9,139410156,NOTCH1
9,139412387,NOTCH1
9,139412399,NOTCH1
9,139412399,NOTCH1
9,139396860,NOTCH1
9,139417354,NOTCH1
9,139410155,NOTCH1
9,139412645,NOTCH1
9,139412302,NOTCH1
9,139417595,NOTCH1
9,139418257,NOTCH1
9,139412319,NOTCH1
9,139412389,NOTCH1
9,139412376,NOTCH1
9,139412625,NOTCH1
9,139412263,NOTCH1
9,139412623,NOTCH1
9,139412690,NOTCH1
9,139412618,NOTCH1
9,139417587,NOTCH1
9,139412624,NOTCH1
9,139412392,NOTCH1
9,139410154,NOTCH1
9,139417669,NOTCH1
9,139413075,NOTCH1
9,139412748,NOTCH1
9,139412381,NOTCH1
9,139412375,NOTCH1
9,139412501,NOTCH1
9,139412331,NOTCH1
9,139412500,NOTCH1
9,139417584,NOTCH1
9,139412302,NOTCH1
9,139413064,NOTCH1
9,139412267,NOTCH1
9,139412303,NOTCH1
9,139412309,NOTCH1
9,139412624,NOTCH1
9,139412399,NOTCH1
9,139412263,NOTCH1
9,139412694,NOTCH1
9,139410155,NOTCH1
9,139413067,NOTCH1
9,139412645,NOTCH1
9,139412375,NOTCH1
9,139412690,NOTCH1
9,139412258,NOTCH1
9,139412376,NOTCH1
9,139395167,NOTCH1
9,139412520,NOTCH1
9,139396851,NOTCH1
9,139412376,NOTCH1
9,139417359,NOTCH1
9,139412381,NOTCH1
9,139412267,NOTCH1
9,139413075,NOTCH1
9,139413065,NOTCH1
9,1.39E+13,NOTCH1
9,139417601,NOTCH1
9,139412730,NOTCH1
9,139393662,NOTCH1
9,139412375,NOTCH1
9,139412633,NOTCH1
9,139417354,NOTCH1
9,139412628,NOTCH1
9,139417361,NOTCH1
9,139412757,NOTCH1
9,139396860,NOTCH1
9,139393662,NOTCH1
9,139412627,NOTCH1
9,139412267,NOTCH1
9,139412391,NOTCH1
9,139412266,NOTCH1
9,139412381,NOTCH1
9,139410151,NOTCH1
9,139417352,NOTCH1
9,139412613,NOTCH1
9,139396852,NOTCH1
9,139412378,NOTCH1
9,139411850,NOTCH1
9,139393662,NOTCH1
9,139412266,NOTCH1
9,139417354,NOTCH1
9,139412375,NOTCH1
9,139412690,NOTCH1
9,139412273,NOTCH1
9,139412307,NOTCH1
9,139412501,NOTCH1
9,139412399,NOTCH1
9,139417351,NOTCH1
9,139412322,NOTCH1
9,139395153,NOTCH1
9,139412690,NOTCH1
9,139417355,NOTCH1
9,139412378,NOTCH1
9,139412627,NOTCH1
9,139401363,NOTCH1
9,139396872,NOTCH1
9,139396854,NOTCH1
9,139412744,NOTCH1
9,139412375,NOTCH1
9,139411862,NOTCH1
9,139412399,NOTCH1
9,139417352,NOTCH1
9,139412630,NOTCH1
9,139412381,NOTCH1
9,139412262,NOTCH1
9,139417602,NOTCH1
9,139412632,NOTCH1
9,139417602,NOTCH1
9,139412628,NOTCH1
9,139396855,NOTCH1
9,139412256,NOTCH1
9,139412741,NOTCH1
9,139393662,NOTCH1
9,139395148,NOTCH1
9,139417584,NOTCH1
9,139412375,NOTCH1
9,139412735,NOTCH1
9,139410171,NOTCH1
9,139396860,NOTCH1
9,139396852,NOTCH1
9,139413070,NOTCH1
9,139413277,NOTCH1
9,139411851,NOTCH1
9,139393662,NOTCH1
9,139412332,NOTCH1
9,139412658,NOTCH1
9,139412267,NOTCH1
9,139418259,NOTCH1
9,139418393,NOTCH1
9,139412340,NOTCH1
9,139412255,NOTCH1
9,139410162,NOTCH1
9,139412375,NOTCH1
9,139412267,NOTCH1
9,139412261,NOTCH1
9,139412694,NOTCH1
9,139412264,NOTCH1
9,139417343,NOTCH1
9,139395171,NOTCH1
9,139412399,NOTCH1
9,139412266,NOTCH1
9,139413065,NOTCH1
9,139412266,NOTCH1
9,139413067,NOTCH1
9,139395171,NOTCH1
9,139418266,NOTCH1
9,139412266,NOTCH1
9,139412381,NOTCH1
9,139410155,NOTCH1
9,139412381,NOTCH1
9,139417641,NOTCH1
9,139401360,NOTCH1
9,139412340,NOTCH1
9,139418259,NOTCH1
9,139412266,NOTCH1
9,139417589,NOTCH1
9,139412266,NOTCH1
9,139396854,NOTCH1
9,139412267,NOTCH1
9,139417354,NOTCH1
9,139412630,NOTCH1
9,139412737,NOTCH1
9,139418372,NOTCH1
9,139412757,NOTCH1
9,139412627,NOTCH1
9,139412381,NOTCH1
9,139401869,NOTCH1
9,139393669,NOTCH1
9,139396861,NOTCH1
9,139412567,NOTCH1
9,139412690,NOTCH1
9,139393670,NOTCH1
9,139412382,NOTCH1
9,139417593,NOTCH1
9,139412372,NOTCH1
9,139417602,NOTCH1
9,139393662,NOTCH1
9,139412762,NOTCH1
9,139412375,NOTCH1
9,139396859,NOTCH1
9,139417515,NOTCH1
9,139412375,NOTCH1
9,139412588,NOTCH1
9,139412690,NOTCH1
9,139393662,NOTCH1
9,139412378,NOTCH1
9,139412269,NOTCH1
9,139412738,NOTCH1
9,139412639,NOTCH1
9,139412266,NOTCH1
9,139412375,NOTCH1
9,139412671,NOTCH1
9,139412689,NOTCH1
9,139393678,NOTCH1
9,139412266,NOTCH1
9,139413065,NOTCH1
9,139412744,NOTCH1
9,139412624,NOTCH1
9,139412624,NOTCH1
9,139417344,NOTCH1
9,139412373,NOTCH1
9,139412389,NOTCH1
9,139396860,NOTCH1
9,139395153,NOTCH1
9,139412748,NOTCH1
9,139417357,NOTCH1
9,139410166,NOTCH1
9,139412582,NOTCH1
9,139412266,NOTCH1
9,139412375,NOTCH1
9,139412315,NOTCH1
9,139412381,NOTCH1
9,139418261,NOTCH1
9,139412322,NOTCH1
9,139412390,NOTCH1
9,139396860,NOTCH1
9,139418262,NOTCH1
9,139412319,NOTCH1
9,139412750,NOTCH1
9,139417581,NOTCH1
9,139418267,NOTCH1
9,139412689,NOTCH1
9,139412565,NOTCH1
9,139412255,NOTCH1
9,139412689,NOTCH1
9,139412386,NOTCH1
9,139412264,NOTCH1
9,139412255,NOTCH1
9,139412266,NOTCH1
9,139417352,NOTCH1
1,120512285,NOTCH2
1,120506359,NOTCH2
1,120497645,NOTCH2
1,120510220,NOTCH2
1,120506353,NOTCH2
1,120510234,NOTCH2
1,120497650,NOTCH2
1,120506373,NOTCH2
1,120510751,NOTCH2
1,120510052,NOTCH2
1,120510761,NOTCH2
1,120497665,NOTCH2
1,120512170,NOTCH2
1,120512219,NOTCH2
1,120510754,NOTCH2
1,120512218,NOTCH2
1,1.21E+13,NOTCH2
1,120512288,NOTCH2
1,120459271,NOTCH2
1,120512200,NOTCH2
1,120510154,NOTCH2
1,120512280,NOTCH2
1,120459264,NOTCH2
1,120510756,NOTCH2
1,120512195,NOTCH2
1,120510755,NOTCH2
1,120497666,NOTCH2
1,120512194,NOTCH2
1,120506358,NOTCH2
1,120510270,NOTCH2
1,120510767,NOTCH2
1,120512195,NOTCH2
1,120512295,NOTCH2
1,120510232,NOTCH2
1,120497662,NOTCH2
1,120506371,NOTCH2
1,120510232,NOTCH2
1,120512148,NOTCH2
1,120512219,NOTCH2
1,120510751,NOTCH2
1,120497670,NOTCH2
1,120512219,NOTCH2
1,120512221,NOTCH2
1,120510066,NOTCH2
1,120512295,NOTCH2
1,120512166,NOTCH2
1,120510888,NOTCH2
1,120510233,NOTCH2
1,120510275,NOTCH2
1,120497660,NOTCH2
1,120510748,NOTCH2
1,120497662,NOTCH2
1,120512219,NOTCH2
1,120510155,NOTCH2
1,120510068,NOTCH2
1,120510222,NOTCH2
1,120510155,NOTCH2
7,113518251,PPP1R3A
7,113518253,PPP1R3A
7,113518268,PPP1R3A
7,113518248,PPP1R3A
16,51174461,SALL1
16,51174461,SALL1
16,51174456,SALL1
16,51174459,SALL1
16,51174456,SALL1
16,51174466,SALL1
16,51174456,SALL1
16,51174459,SALL1
16,51174460,SALL1
16,51174456,SALL1
16,51174461,SALL1
16,51174456,SALL1
16,51174459,SALL1
16,51174465,SALL1
16,51174468,SALL1
16,51174471,SALL1
16,51174461,SALL1
16,51174466,SALL1
16,51174468,SALL1
16,51174461,SALL1
16,51174456,SALL1
16,51174478,SALL1
16,51174459,SALL1
16,51174456,SALL1
16,51174456,SALL1
16,51174459,SALL1
16,51174459,SALL1
16,51174456,SALL1
16,51174462,SALL1
16,51174466,SALL1
16,51174465,SALL1
16,51174459,SALL1
16,51174459,SALL1
16,51174469,SALL1
16,51174459,SALL1
17,7577539,TP53
17,7577066,TP53
17,7578563,TP53
17,7578416,TP53
17,7578426,TP53
17,7578280,TP53
17,7578514,TP53
17,7578259,TP53
17,7578293,TP53
17,7578429,TP53
17,7578421,TP53
17,7578427,TP53
17,7577559,TP53
17,7578275,TP53
17,7577539,TP53
17,7578550,TP53
17,7577547,TP53
17,7578290,TP53
17,7577543,TP53
17,7577073,TP53
17,7577539,TP53
17,7577539,TP53
17,7578538,TP53
17,7578540,TP53
17,7577539,TP53
17,7577547,TP53
17,7577559,TP53
17,7578492,TP53
17,7577121,TP53
17,7577540,TP53
17,7578253,TP53
17,7577550,TP53
17,7578235,TP53
17,7577559,TP53
17,7578290,TP53
17,7577539,TP53
17,7577547,TP53
17,7577106,TP53
17,7577547,TP53
17,7577127,TP53
17,7577547,TP53
17,7577072,TP53
17,7577551,TP53
17,7578161,TP53
17,7578212,TP53
17,7577539,TP53
17,7577539,TP53
17,7577548,TP53
17,7577547,TP53
17,7577070,TP53
17,7577547,TP53
17,7578550,TP53
17,7577559,TP53
17,7577556,TP53
17,7577539,TP53
17,7578421,TP53
17,7577547,TP53
17,7578419,TP53
17,7577547,TP53
17,7577568,TP53
17,7577073,TP53
17,7577539,TP53
17,7577569,TP53
17,7577539,TP53
17,7578262,TP53
17,7577543,TP53
17,7577058,TP53
17,7577071,TP53
17,7577540,TP53
17,7577551,TP53
17,7577539,TP53
17,7577547,TP53
17,7577537,TP53
